{"cameraMode":{"drawMode":0,"name":"Shaded","section":"Shading Mode"},"sceneLighting":false,"audioPlay":false,"sceneViewState":{"showFog":true,"showMaterialUpdate":false,"showSkybox":false,"showFlares":true,"showImageEffects":true,"showParticleSystems":true},"in2DMode":false,"pivot":{"x":0.08346948027610779,"y":0.8333156108856201,"z":1.2952537536621094},"rotation":{"x":-0.10360851883888245,"y":0.017004335299134256,"z":-0.0017720024334266782,"w":-0.9944779872894287},"size":3.7148616313934328,"orthographic":false}