{"cameraMode":{"drawMode":0,"name":"Shaded","section":"Shading Mode"},"sceneLighting":false,"audioPlay":false,"sceneViewState":{"showFog":true,"showMaterialUpdate":false,"showSkybox":false,"showFlares":true,"showImageEffects":true,"showParticleSystems":true},"in2DMode":false,"pivot":{"x":1.3042024374008179,"y":0.20947590470314027,"z":1.0887776613235474},"rotation":{"x":-0.10510721057653427,"y":-0.01253292802721262,"z":0.0013240206753835083,"w":-0.9943867921829224},"size":5.800894260406494,"orthographic":false}